{
    "band_statistics": [
        {
            "mean": 137.85318774466612,
            "std": 65.8111128554502,
            "min": 0.0,
            "max": 255.0
        },
        {
            "mean": 103.45420814283244,
            "std": 64.14664692269201,
            "min": 0.0,
            "max": 255.0
        },
        {
            "mean": 81.52130418758588,
            "std": 67.02508956653323,
            "min": 0.0,
            "max": 255.0
        }
    ],
    "overall_statistics": {
        "overall_mean": 107.60956669169481,
        "overall_std": 65.66094978155849,
        "overall_min": 0.0,
        "overall_max": 255.0
    }
}