{
    "band_statistics": [
        {
            "mean": 173.54752130926587,
            "std": 64.37403453096948,
            "min": 0.0,
            "max": 255.0
        },
        {
            "mean": 151.86849598325708,
            "std": 77.34500967896393,
            "min": 0.0,
            "max": 255.0
        },
        {
            "mean": 132.76851446418655,
            "std": 90.91666517984366,
            "min": 0.0,
            "max": 255.0
        }
    ],
    "overall_statistics": {
        "overall_mean": 152.7281772522365,
        "overall_std": 77.54523646325903,
        "overall_min": 0.0,
        "overall_max": 255.0
    }
}