{
    "band_statistics": [
        {
            "mean": 130.91414395302849,
            "std": 65.5202927043667,
            "min": 0.0,
            "max": 255.0
        },
        {
            "mean": 98.61296838784105,
            "std": 59.121542722477805,
            "min": 0.0,
            "max": 255.0
        },
        {
            "mean": 76.0575120157326,
            "std": 58.574891930771834,
            "min": 0.0,
            "max": 255.0
        }
    ],
    "overall_statistics": {
        "overall_mean": 101.86154145220071,
        "overall_std": 61.072242452538774,
        "overall_min": 0.0,
        "overall_max": 255.0
    }
}