{
    "band_statistics": [
        {
            "mean": 132.53584852436765,
            "std": 70.70558073637218,
            "min": 0.0,
            "max": 255.0
        },
        {
            "mean": 130.0762016732913,
            "std": 70.94674852803692,
            "min": 0.0,
            "max": 255.0
        },
        {
            "mean": 119.27422893767539,
            "std": 74.78286073161149,
            "min": 0.0,
            "max": 255.0
        }
    ],
    "overall_statistics": {
        "overall_mean": 127.29542637844479,
        "overall_std": 72.14506333200687,
        "overall_min": 0.0,
        "overall_max": 255.0
    }
}