{
    "band_statistics": [
        {
            "mean": 127.53761157909753,
            "std": 64.31383161011667,
            "min": 0.0,
            "max": 255.0
        },
        {
            "mean": 119.59979182378073,
            "std": 64.94392063988761,
            "min": 0.0,
            "max": 255.0
        },
        {
            "mean": 101.38831277023516,
            "std": 68.04676791040048,
            "min": 0.0,
            "max": 255.0
        }
    ],
    "overall_statistics": {
        "overall_mean": 116.17523872437114,
        "overall_std": 65.76817338680159,
        "overall_min": 0.0,
        "overall_max": 255.0
    }
}